title,company,link
Full Stack Engineer: Node.js | React | GraphQL | data and workflow management,"Virtual Pricing Director
                        via
techfolk",https://stackoverflow.com/jobs/403363
Développeur Full-Stack JavaScript (React/Node) en Remote,SkillValue,https://stackoverflow.com/jobs/387926
"Full Stack Software Engineer (Node.js, React, AWS) - Remote",Deep Consulting Solutions,https://stackoverflow.com/jobs/404045
Full-stack engineer (React + Rails),Almanac,https://stackoverflow.com/jobs/371120
React Engineer | Native or Web | 100% Remote,G2i Inc,https://stackoverflow.com/jobs/229077
"Software Engineer, Front End/React",SpiderOak,https://stackoverflow.com/jobs/394495
Front-End Developer (React/GraphQL),Apacio Ltd,https://stackoverflow.com/jobs/397853
Senior React Developer (Remote),X-Team,https://stackoverflow.com/jobs/277612
Tech Lead FS - NodeJs / React / RN Developer Required for Realtime Application,Rekordio,https://stackoverflow.com/jobs/371868
Senior Frontend JS/React Engineer,GrowFlow,https://stackoverflow.com/jobs/407516
React Frontend Developer,Veezoo AG,https://stackoverflow.com/jobs/402700
Senior React Developer,Sherpany AG,https://stackoverflow.com/jobs/407488
"Senior Full-stack Engineer (React, Node.js) - Remote",SemanticBits,https://stackoverflow.com/jobs/390912
Senior Front End Engineer (React.js),"Unanet, Inc.",https://stackoverflow.com/jobs/377135
Sr. React Developer [100% REMOTE],Clevertech,https://stackoverflow.com/jobs/407470
Senior Frontend Developer (React.js),Mahisoft Inc,https://stackoverflow.com/jobs/295352
Senior Full Stack Software Engineer (React Python Flask),FineTune Learning,https://stackoverflow.com/jobs/400104
"Full Stack Developer - Java, ElasticSearch, GraphQL and ReactJS",Contrast Security,https://stackoverflow.com/jobs/390294
Fullstack Developer - PHP/React (Eastern Europe),MobyMax,https://stackoverflow.com/jobs/205692
Senior Frontend Developer (React),"Shogun Labs, Inc",https://stackoverflow.com/jobs/396323
"Driven Systemutvecklare .NET Core, AWS, React - hemifrån på heltid",e-Avrop AB,https://stackoverflow.com/jobs/241685
"Senior software engineer (python, typescript, reactjs, nextjs, kafka, docker)",EverQuote Inc.,https://stackoverflow.com/jobs/385234
Sr. Full Stack Engineer (React & Node or Ruby) - Teespring - Full Remote or LA,Source Coders Inc,https://stackoverflow.com/jobs/392834
Go Software Engineer,Coder,https://stackoverflow.com/jobs/407495
Sr Software Engineer / Web Developer,Branding Brand,https://stackoverflow.com/jobs/367291
UI/UX Designer for awesome small & successful SaaS,"Sherpa, Inc.",https://weworkremotely.com/remote-jobs/sherpa-inc-ui-ux-designer-for-awesome-small-successful-saas
User Experience Engineer,Power Home Remodeling,https://weworkremotely.com/remote-jobs/power-home-remodeling-user-experience-engineer
Senior User Experience Designer,Power Home Remodeling,https://weworkremotely.com/remote-jobs/power-home-remodeling-senior-user-experience-designer
A designer with taste and passion,ZSA Technology Labs,https://weworkremotely.com/remote-jobs/zsa-technology-labs-a-designer-with-taste-and-passion
Product Designer,CompanyCam,https://weworkremotely.com/remote-jobs/companycam-product-designer
Senior Product Designer,Veeqo,https://weworkremotely.com/remote-jobs/veeqo-senior-product-designer
Senior Javascript Developer - Remote,"Piggy, LLC",https://weworkremotely.com/remote-jobs/piggy-llc-senior-javascript-developer-remote
Senior Web Designer,Simple Thread,https://weworkremotely.com/remote-jobs/simple-thread-senior-web-designer
Javascript Developer - Remote,"Piggy, LLC",https://weworkremotely.com/remote-jobs/piggy-llc-javascript-developer-remote
Senior Front End Developer,"ESL Gaming Online, Inc",https://weworkremotely.com/remote-jobs/esl-gaming-online-inc-senior-front-end-developer
Front End Developer,"ESL Gaming Online, Inc",https://weworkremotely.com/remote-jobs/esl-gaming-online-inc-front-end-developer
Senior Full-Stack Engineer,Reggy,https://weworkremotely.com/remote-jobs/reggy-senior-full-stack-engineer
Senior Frontend Developer (Vue),CartKit,https://weworkremotely.com/remote-jobs/cartkit-senior-frontend-developer-vue
Lead Software Engineer,Form Publisher,https://weworkremotely.com/remote-jobs/form-publisher-lead-software-engineer
Lead Engineer,Modal,https://weworkremotely.com/remote-jobs/modal-lead-engineer
Senior Software Engineer,Shrine Development,https://weworkremotely.com/remote-jobs/shrine-development-senior-software-engineer
Remote Contract React Native Engineer,G2i Inc.,https://weworkremotely.com/remote-jobs/g2i-inc-remote-contract-react-native-engineer-6
Senior Software Engineer - Mobile,Good Eggs,https://weworkremotely.com/remote-jobs/good-eggs-senior-software-engineer-mobile
sr ruby on rails engineer with react.js experience,Aha!,https://weworkremotely.com/remote-jobs/aha-sr-ruby-on-rails-engineer-with-react-js-experience
Senior Front End Developer,Pixel Union,https://weworkremotely.com/remote-jobs/pixel-union-senior-front-end-developer
Fullstack Engineer,Postscript,https://weworkremotely.com/remote-jobs/postscript-fullstack-engineer-1
Full-Stack Engineer,Orum,https://weworkremotely.com/remote-jobs/orum-full-stack-engineer-1
Remote Contract React Developer,G2i Inc.,https://weworkremotely.com/remote-jobs/g2i-inc-remote-contract-react-developer
Senior Software Developer,Qualio,https://weworkremotely.com/remote-jobs/qualio-senior-software-developer
"Freelance React Native Developer – Remote, Full-time",Toptal,https://weworkremotely.com/remote-jobs/toptal-freelance-react-native-developer-remote-full-time
Senior Software Engineer - Ruby/Elm/React,HubTran,https://weworkremotely.com/remote-jobs/hubtran-senior-software-engineer-ruby-elm-react
React UI Software Engineer (U.S. remote OK),LocusLabs,https://weworkremotely.com/remote-jobs/locuslabs-react-ui-software-engineer-u-s-remote-ok
Frontend Developer for Toggl Hire,Toggl,https://weworkremotely.com/remote-jobs/toggl-frontend-developer-for-toggl-hire
Full stack Ruby on Rails Engineer,Beema,https://weworkremotely.com/remote-jobs/beema-full-stack-ruby-on-rails-engineer
PHP and React Developers,OnTheGoSystems,https://weworkremotely.com/remote-jobs/onthegosystems-php-and-react-developers
"Open Source Developer & DevOps (Python, Django, AWS, OpenStack)",OpenCraft,https://weworkremotely.com/remote-jobs/opencraft-open-source-developer-devops-python-django-aws-openstack-8
Frontend Engineer,Knack,https://weworkremotely.com/remote-jobs/knack-frontend-engineer-2
Golang Developer,Nearsure,https://weworkremotely.com/remote-jobs/nearsure-golang-developer
Front End Engineer,Chili Piper,https://weworkremotely.com/remote-jobs/chili-piper-front-end-engineer
Senior or Lead React Developer,Manifold,https://weworkremotely.com/remote-jobs/manifold-senior-or-lead-react-developer
Full-Stack Software Engineer,Farmstead,https://weworkremotely.com/remote-jobs/farmstead-full-stack-software-engineer
"Full stack developer (Ruby on Rails, React.js) - Remote",CRISP STUDIO,https://weworkremotely.com/remote-jobs/crisp-studio-full-stack-developer-ruby-on-rails-react-js-remote
Software Developer,Differential,https://weworkremotely.com/remote-jobs/differential-software-developer-1
Senior fullstack developer React / Ruby,GOhiring,https://weworkremotely.com/remote-jobs/gohiring-senior-fullstack-developer-react-ruby
JavaScript Software Engineer (Map Applications),LocusLabs,https://weworkremotely.com/remote-jobs/locuslabs-javascript-software-engineer-map-applications
Full Stack PHP Developer,SpinupWP,https://weworkremotely.com/remote-jobs/spinupwp-full-stack-php-developer
Tech Lead,Ukufu Pty Ltd,https://weworkremotely.com/remote-jobs/ukufu-pty-ltd-tech-lead
Senior Full Stack Engineer with focus on UX / UI,MyAccident,https://weworkremotely.com/remote-jobs/myaccident-senior-full-stack-engineer-with-focus-on-ux-ui
Senior Programmer,Form Publisher,https://weworkremotely.com/remote-jobs/form-publisher-senior-programmer
Back End Engineer,Chili Piper,https://weworkremotely.com/remote-jobs/chili-piper-back-end-engineer
Full Stack Engineer,JadeMind GmbH,https://weworkremotely.com/remote-jobs/jademind-gmbh-full-stack-engineer
"Freelance React Developer – Remote, Full-time",Toptal,https://weworkremotely.com/remote-jobs/toptal-freelance-react-developer-remote-full-time-2
senior rails engineer [react],Aha!,https://weworkremotely.com/remote-jobs/aha-senior-rails-engineer-react-4
Backend Engineer (Ruby on Rails),jobandtalent,https://weworkremotely.com/remote-jobs/jobandtalent-backend-engineer-ruby-on-rails
Frontend Engineer (ES8/React/Redux/Saga) ,Files.com,https://weworkremotely.com/remote-jobs/files-com-frontend-engineer-es8-react-redux-saga
"Node.js Lead Engineer :GraphQL, PostgreSQL (Freelance)",Contra ,https://weworkremotely.com/remote-jobs/contra-node-js-lead-engineer-graphql-postgresql-freelance
Animation Engineer (Freelance),Contra ,https://weworkremotely.com/remote-jobs/contra-animation-engineer-freelance
Lead Engineer (WordPress),WebDevStudios,https://weworkremotely.com/remote-jobs/webdevstudios-lead-engineer-wordpress
Full-Stack Engineer,Canny,https://weworkremotely.com/remote-jobs/canny-full-stack-engineer-1
Full Stack Software Engineer,Clipboard Health,https://weworkremotely.com/remote-jobs/clipboard-health-full-stack-software-engineer
Senior JavaScript Engineer,Retrium,https://weworkremotely.com/remote-jobs/retrium-senior-javascript-engineer
Software Engineer-General,Bevy,https://weworkremotely.com/remote-jobs/bevy-software-engineer-general
Sr. Web Developer - Magento/Drupal,Bear Group,https://weworkremotely.com/remote-jobs/bear-group-sr-web-developer-magento-drupal
Full Stack Engineer,Moment,https://weworkremotely.com/remote-jobs/moment-full-stack-engineer
Senior Full-Stack Software Engineer,TaxJar,https://weworkremotely.com/remote-jobs/taxjar-senior-full-stack-software-engineer
Senior Go Developer,X-Team,https://weworkremotely.com/remote-jobs/x-team-senior-go-developer
Senior Python Developer ,X-Team,https://weworkremotely.com/remote-jobs/x-team-senior-python-developer
Senior Software Engineer - Web Apps,"Brivity, Inc.",https://weworkremotely.com/remote-jobs/brivity-inc-senior-software-engineer-web-apps-1
Senior Ruby on Rails Engineer - India - 100% Remote,BigBinary,https://weworkremotely.com/remote-jobs/bigbinary-senior-ruby-on-rails-engineer-india-100-remote-1
Front-End Engineer (React.js) - India - 100% Remote,BigBinary,https://weworkremotely.com/remote-jobs/bigbinary-front-end-engineer-react-js-india-100-remote
Sr. Full-stack Engineer (Ruby on Rails),RemoteLock,https://weworkremotely.com/remote-jobs/remotelock-sr-full-stack-engineer-ruby-on-rails
ReactJS Developer,ColorElephant,https://weworkremotely.com/remote-jobs/colorelephant-reactjs-developer
Front-end Developer Flutter / Dart ,Champs,https://weworkremotely.com/remote-jobs/champs-front-end-developer-flutter-dart
Experienced React Native Developer (Remote - Full-Time),Stack Builders,https://weworkremotely.com/remote-jobs/stack-builders-experienced-react-native-developer-remote-full-time
Tech Lead,Clevertech,https://weworkremotely.com/remote-jobs/clevertech-tech-lead-6
Sr. Full-Stack Javascript Developer,Clevertech,https://weworkremotely.com/remote-jobs/clevertech-sr-full-stack-javascript-developer
Mobile Engineer (React Native),Tempest,https://weworkremotely.com/remote-jobs/tempest-mobile-engineer-react-native
React Native Developer,Groove,https://weworkremotely.com/remote-jobs/groove-react-native-developer
Full Time Remote Junior Shopify Developer,Electric Eye ,https://weworkremotely.com/remote-jobs/electric-eye-full-time-remote-junior-shopify-developer
Senior Full Stack Engineer,Sector Labs,https://weworkremotely.com/remote-jobs/sector-labs-senior-full-stack-engineer
"Full-stack Web Developer for E-Commerce Agency [React, Node.js] ",The Vaan Group,https://weworkremotely.com/remote-jobs/the-vaan-group-full-stack-web-developer-for-e-commerce-agency-react-node-js-1
Front End Engineer,Hopin,https://weworkremotely.com/remote-jobs/hopin-front-end-engineer
Full-stack JavaScript developer,FingerprintJS,https://weworkremotely.com/remote-jobs/fingerprintjs-full-stack-javascript-developer
"Software Engineer, Android (Kotlin)",Doximity,https://weworkremotely.com/remote-jobs/doximity-software-engineer-android-kotlin
Full Stack Engineer,Logistimatics,https://weworkremotely.com/remote-jobs/logistimatics-full-stack-engineer
"Senior Frontend Software Engineer, Mobile (SF Bay Area/Remote)",DroneDeploy,https://weworkremotely.com/remote-jobs/dronedeploy-senior-frontend-software-engineer-mobile-sf-bay-area-remote
Senior Full Stack Developer,Eduflow,https://weworkremotely.com/remote-jobs/eduflow-senior-full-stack-developer-1
Senior Front End (React) Engineer ,Instinct Science,https://weworkremotely.com/remote-jobs/instinct-science-senior-front-end-react-engineer
"Front-End Developer - Remote, Full Time",Future Holidays,https://weworkremotely.com/remote-jobs/future-holidays-front-end-developer-remote-full-time
Mid/Senior Full-Stack Javascript Engineer,Embryo,https://weworkremotely.com/remote-jobs/embryo-mid-senior-full-stack-javascript-engineer
Senior Frontend Engineer,Shogun,https://weworkremotely.com/remote-jobs/shogun-senior-frontend-engineer
Senior React Developer ,X-Team,https://weworkremotely.com/remote-jobs/x-team-senior-react-developer
Senior Node.js Developer,X-Team,https://weworkremotely.com/remote-jobs/x-team-senior-node-js-developer
Senior Programmer (Frontend),Anedot,https://weworkremotely.com/remote-jobs/anedot-senior-programmer-frontend
React Native developer,silverorange,https://weworkremotely.com/remote-jobs/silverorange-react-native-developer-1
Mobile Engineer (Remote),vidIQ,https://weworkremotely.com/remote-jobs/vidiq-mobile-engineer-remote
Full Stack Senior Web Developer,Plain Concepts,https://weworkremotely.com/remote-jobs/plain-concepts-full-stack-senior-web-developer
"Senior Software Engineer, Web","DraftKings, Inc",https://weworkremotely.com/remote-jobs/draftkings-inc-senior-software-engineer-web
Front-End Developer (Spanish Speaking),CIVITATIS,https://weworkremotely.com/remote-jobs/civitatis-front-end-developer-spanish-speaking
Shopify Theme Developer,Bloom,https://weworkremotely.com/remote-jobs/bloom-shopify-theme-developer
Senior Full Stack Engineer,Thinkific,https://weworkremotely.com/remote-jobs/thinkific-senior-full-stack-engineer
Sr. React Developer,Clevertech,https://weworkremotely.com/remote-jobs/clevertech-sr-react-developer
Client Engineer (React/React Native),CompanyCam,https://weworkremotely.com/remote-jobs/companycam-client-engineer-react-react-native
Senior Software Engineer - Elixir,Very LLC,https://weworkremotely.com/remote-jobs/very-llc-senior-software-engineer-elixir
"Senior Python Developer/DevOps - Art based SAAS business in Europe £50-£60,000pa",Articheck,https://weworkremotely.com/remote-jobs/articheck-senior-python-developer-devops-art-based-saas-business-in-europe-50-60-000pa
Senior Product Engineer (Remote - Anywhere),Dataquest ,https://weworkremotely.com/remote-jobs/dataquest-senior-product-engineer-remote-anywhere
Senior React Developer,Fluxweave,https://weworkremotely.com/remote-jobs/fluxweave-senior-react-developer
Senior Full Stack JavaScript Nomad,"Pathable, Inc.",https://weworkremotely.com/remote-jobs/pathable-inc-senior-full-stack-javascript-nomad
Ruby on Rails Developer,Power Home Remodeling,https://weworkremotely.com/remote-jobs/power-home-remodeling-ruby-on-rails-developer
Senior JavaScript Developer Trainer,Kinsta,https://weworkremotely.com/remote-jobs/kinsta-senior-javascript-developer-trainer
Fullstack Developer,The Recount,https://weworkremotely.com/remote-jobs/the-recount-fullstack-developer
Shopify Developer,Wick Creative,https://weworkremotely.com/remote-jobs/wick-creative-shopify-developer-1
Senior Full Stack Javascript Engineer,Localize,https://weworkremotely.com/remote-jobs/localize-senior-full-stack-javascript-engineer
Software Engineering Mentor,Springboard,https://weworkremotely.com/remote-jobs/springboard-software-engineering-mentor-1
Senior Software Engineer,Dover,https://weworkremotely.com/remote-jobs/dover-senior-software-engineer
Backend Developer,Wesrom Corporation,https://weworkremotely.com/remote-jobs/wesrom-corporation-backend-developer
"Mobile Software Engineer, iOS (Swift)",Doximity,https://weworkremotely.com/remote-jobs/doximity-mobile-software-engineer-ios-swift
Full Stack Ruby Developer,HR Partner,https://weworkremotely.com/remote-jobs/hr-partner-full-stack-ruby-developer
Ruby on Rails Developer (5+ years),Power Home Remodeling,https://weworkremotely.com/remote-jobs/power-home-remodeling-ruby-on-rails-developer-5-years
Java Backend Engineer,Prospect,https://weworkremotely.com/remote-jobs/prospect-java-backend-engineer
Senior Technical Customer Champion,Thinkific,https://weworkremotely.com/remote-jobs/thinkific-senior-technical-customer-champion
Customer Success Advocate,Bonsai,https://weworkremotely.com/remote-jobs/bonsai-customer-success-advocate
Senior Full Stack Developer,MyVillage,https://weworkremotely.com/remote-jobs/myvillage-senior-full-stack-developer
Mobile Web Solutions Architect,Power Home Remodeling,https://weworkremotely.com/remote-jobs/power-home-remodeling-mobile-web-solutions-architect
Sr. Front-End Developer & Team Lead,Bear Group ,https://weworkremotely.com/remote-jobs/bear-group-sr-front-end-developer-team-lead
Platform Engineer,URBANTZ SA,https://weworkremotely.com/remote-jobs/urbantz-sa-platform-engineer
Drupal Developer,PRI,https://weworkremotely.com/remote-jobs/pri-drupal-developer-2
Sales Development Representative (SDR) with Product Engineering or Management Background,Topflight Apps,https://weworkremotely.com/remote-jobs/topflight-apps-sales-development-representative-sdr-with-product-engineering-or-management-background
Technical Project Manager,Amazee Labs,https://weworkremotely.com/remote-jobs/amazee-labs-technical-project-manager
Senior Frontend Developer (React),Shogun,https://weworkremotely.com/remote-jobs/shogun-senior-frontend-developer-react
Senior Software Engineer- FrontEnd,Fandom,https://weworkremotely.com/remote-jobs/fandom-senior-software-engineer-frontend
E2E Quality Assurance Engineer,Shogun,https://weworkremotely.com/remote-jobs/shogun-e2e-quality-assurance-engineer
Senior React Developer,Sherpany AG,https://remoteok.io/remote-jobs/86769-remote-senior-react-developer-sherpany-ag
Senior React Native Developer,You.i TV,https://remoteok.io/remote-jobs/86715-remote-senior-react-native-developer-you-i-tv
Software Engineer (react/redux),Routable,https://remoteok.io/remote-jobs/86593-remote-software-engineer-react-redux-routable
React Frontend Developer,Veezoo AG,https://remoteok.io/remote-jobs/86376-remote-react-frontend-developer-veezoo-ag
Software Engineer,Coder,https://remoteok.io/remote-jobs/86350-remote-software-engineer-coder
Freelance React Native Developer,Toptal,https://remoteok.io/remote-jobs/86222-remote-freelance-react-native-developer-toptal
React Native Developer,Groove,https://remoteok.io/remote-jobs/86195-remote-react-native-developer-groove
UI React Developer,Solid Commerce,https://remoteok.io/remote-jobs/86179-remote-ui-react-developer-solid-commerce
Freelance React Developer –,Toptal,https://remoteok.io/remote-jobs/85697-remote-freelance-react-developer-remote-toptal
Full Stack Software Engineer (JS),SlashData,https://remoteok.io/remote-jobs/73663-remote-full-stack-software-engineer-js-slashdata
React Native Developer IOS Android Web,Appy Health,https://remoteok.io/remote-jobs/73648-remote-react-native-developer-ios-android-web-appy-health
Javascript Developer Reactjs,Big Nerd Ranch,https://remoteok.io/remote-jobs/73634-remote-javascript-developer-reactjs-big-nerd-ranch
React Developer,X-Team,https://remoteok.io/remote-jobs/73625-remote-react-developer-x-team
Senior PHP React Developer,PNDLM,https://remoteok.io/remote-jobs/73611-remote-senior-php-react-developer-pndlm
React Node JS Developer,Dealer Inspire,https://remoteok.io/remote-jobs/73465-remote-react-node-js-developer-dealer-inspire
Senior Full Stack Node React Developer,Scalable Path,https://remoteok.io/remote-jobs/73422-remote-senior-full-stack-node-react-developer-scalable-path
Senior React React Native Developer,CloseCross,https://remoteok.io/remote-jobs/73277-remote-senior-react-react-native-developer-closecross
Full Stack Developer,Supernova.io,https://remoteok.io/remote-jobs/73215-remote-full-stack-developer-supernova-io
